patternname,patternnum,set,density,entropy,mean_entropy,H_2,H_mean,LSC,KC,intricacy_4,intricacy_8,local_asymm,Hasymm,Vasymm,quadtree,neighbourhood_size,tot_outertot,IC,num_active_rules
patterns/15by15/experiment/set1/SC0.193_symm0.05_KC126.3_9neigh_outertot_code224_IC3_iter35.png,1,1,0.035555555555555556,0.22152955814836148,0.1427133301491873,0.7472055335479586,2.50091311526335,0.19250055940057584,126.30815660941617,7,3,0.034244164516990326,87.5,100.0,9,9,outertot,3,3
patterns/15by15/experiment/set1/SC0.401_symm0.07_KC159.3_9neigh_outertot_code224_IC3_iter20.png,2,1,0.08888888888888889,0.4327501587887541,0.4153406677125513,1.5916236039447111,3.7999460889631678,0.401406035472308,159.25409680921044,9,4,0.047788125031589496,75.0,75.0,24,9,outertot,3,3
patterns/15by15/experiment/set1/SC0.439_symm0.00_KC134.3_9neigh_outertot_code736_IC2_iter10.png,3,1,0.10666666666666667,0.48977901368693755,0.553139062982422,1.7423998106322292,3.9761203453339276,0.4394213284490668,134.2572845811036,3,3,0.0,58.333333333333336,0.0,22,9,outertot,2,4
patterns/15by15/experiment/set1/SC0.447_symm0.00_KC204.2_9neigh_outertot_code85507_IC1_iter30.png,4,1,0.09333333333333334,0.4474992550368635,0.4179320853363434,1.8423709931771086,3.9245019247113127,0.44703327785210906,204.22219631432938,22,22,0.0,0.0,0.0,38,9,outertot,1,7
patterns/15by15/experiment/set1/SC0.481_symm0.00_KC155.1_5neigh_outertot_code374_IC1_iter05.png,5,1,0.1111111111111111,0.5032583347756457,0.5737478083281895,1.9875950664687791,4.079521841025872,0.48123655033514123,155.11442056588356,11,3,0.0,0.0,0.0,26,5,outertot,1,6
patterns/15by15/experiment/set1/SC0.497_symm0.00_KC141.2_5neigh_outertot_code174_IC1_iter09.png,6,1,0.28444444444444444,0.8614362250994667,0.8466219899079815,2.171463481746481,3.6260173645958824,0.4966981740916264,141.15018265380795,117,2,0.0,0.0,0.0,53,5,outertot,1,5
patterns/15by15/experiment/set1/SC0.571_symm0.00_KC205.6_9neigh_outertot_code256746_IC2_iter15.png,7,1,0.36444444444444446,0.946310677714848,0.7426756093659671,2.4875556634505793,4.245552846326737,0.5713133387170234,205.63996662903412,2,2,0.0,0.0,15.853658536585366,27,9,outertot,2,12
patterns/15by15/experiment/set1/SC0.593_symm0.11_KC187.9_9neigh_outertot_code191044_IC2_iter35.png,8,1,0.7955555555555556,0.7307284173995949,0.5182179823637807,2.3265203231642033,4.12949962769011,0.5927836025534274,187.86207420492826,16,12,0.07078596616980007,11.1731843575419,20.11173184357542,43,9,outertot,2,8
patterns/15by15/experiment/set1/SC0.640_symm0.00_KC233.0_5neigh_outertot_code497_IC1_iter35.png,9,1,0.84,0.6343095546405662,0.6458958422620074,2.6343200478436213,4.390211753086388,0.6402292997106651,232.9775385909387,25,9,0.0,0.0,0.0,43,5,outertot,1,6
patterns/15by15/experiment/set1/SC0.661_symm0.02_KC161.2_9neigh_outertot_code256746_IC2_iter20.png,10,1,0.6444444444444445,0.9389320105807949,0.5303555627320639,2.618531927750484,3.8745534690587022,0.6613870922920304,161.24535037541838,4,4,0.010694132747545049,11.03448275862069,16.551724137931036,35,9,outertot,2,12
patterns/15by15/experiment/set1/SC0.698_symm0.05_KC210.3_9neigh_outertot_code196623_IC3_iter10.png,11,1,0.36444444444444446,0.946310677714848,0.8076892026702797,2.6159823022055675,4.294471066472367,0.6976182337084913,210.314002351464,5,5,0.02773632743406307,68.29268292682927,24.390243902439025,34,9,outertot,3,6
patterns/15by15/experiment/set1/SC0.762_symm0.00_KC236.6_5neigh_outertot_code475_IC1_iter20.png,12,1,0.7866666666666666,0.7478061583312325,0.6373065739708635,3.1796024312608213,4.468296471008416,0.7622647209717002,236.60432785526174,33,13,0.0,0.0,0.0,54,5,outertot,1,7
patterns/15by15/experiment/set1/SC0.774_symm0.03_KC246.6_9neigh_outertot_code196623_IC3_iter40.png,13,1,0.3688888888888889,0.9498151300105501,0.7512282262967575,2.996619569148269,4.417270092952023,0.7737943552982004,246.56937922166458,8,6,0.015788238330194826,48.19277108433735,44.57831325301205,48,9,outertot,3,6
patterns/15by15/experiment/set1/SC0.786_symm0.00_KC272.5_5neigh_outertot_code465_IC1_iter10.png,14,1,0.39111111111111113,0.9655128454140403,0.9028114385356213,2.995992517431482,4.432577977046702,0.786020991593775,272.48941544847065,117,2,0.0,0.0,0.0,74,5,outertot,1,5
patterns/15by15/experiment/set1/SC0.791_symm0.05_KC258.0_9neigh_outertot_code85507_IC2_iter40.png,15,1,0.28444444444444444,0.8614362250994667,0.7443716630142473,3.1508570182448494,4.486723858878807,0.7911538526080101,257.96864922762495,24,18,0.03224438352031969,73.4375,76.5625,54,9,outertot,2,7
patterns/15by15/experiment/set1/SC0.792_symm0.01_KC250.7_9neigh_outertot_code196623_IC3_iter20.png,16,1,0.37777777777777777,0.9564574047992596,0.8277891059108455,3.0873613319077435,4.483625047654698,0.7917483218969561,250.67055084149467,10,9,0.003237121850011848,55.294117647058826,55.294117647058826,47,9,outertot,3,6
patterns/15by15/experiment/set1/SC0.799_symm0.06_KC238.5_9neigh_outertot_code85507_IC2_iter40.png,17,1,0.26222222222222225,0.8300812555906454,0.6934953794824105,3.219796958492241,4.475725690953996,0.7988204205098253,238.54017136628542,29,18,0.036926602259980235,76.27118644067797,67.79661016949152,51,9,outertot,2,7
patterns/15by15/experiment/set1/SC0.804_symm0.00_KC195.1_5neigh_outertot_code461_IC1_iter05.png,18,1,0.41333333333333333,0.9782176659354248,0.7939755763548031,3.1002273397448548,4.368363992657665,0.8036177158217979,195.10381201161968,10,10,0.0,0.0,0.0,46,5,outertot,1,6
patterns/15by15/experiment/set1/SC0.805_symm0.00_KC262.3_9neigh_outertot_code93737_IC1_iter35.png,19,1,0.3022222222222222,0.883990387745888,0.7370499367261202,3.2301177888861763,4.500234155276659,0.8053077372317506,262.250075957498,62,26,0.0,0.0,0.0,70,9,outertot,1,9
patterns/15by15/experiment/set1/SC0.807_symm0.01_KC248.5_5neigh_outertot_code750_IC2_iter09.png,20,1,0.5822222222222222,0.9804044567321308,0.7319956187621729,3.3168020398563707,4.485729954241807,0.806706846559348,248.48157406932052,21,5,0.0031442997053091615,12.213740458015266,12.213740458015266,49,5,outertot,2,7
patterns/15by15/experiment/set1/SC0.808_symm0.00_KC264.6_9neigh_outertot_code85507_IC1_iter35.png,21,1,0.27111111111111114,0.8430544963339179,0.7708686353516896,3.255500792946081,4.409307787696544,0.8083092438759916,264.6037115186218,42,26,0.0,0.0,0.0,64,9,outertot,1,7
patterns/15by15/experiment/set1/SC0.810_symm0.01_KC259.2_9neigh_outertot_code93737_IC2_iter30.png,22,1,0.27555555555555555,0.8493240339563619,0.7616881078484018,3.2895447345358892,4.51924174709294,0.8102570024369861,259.18057799454897,41,25,0.004999479213955826,69.35483870967742,40.32258064516129,67,9,outertot,2,9
patterns/15by15/experiment/set1/SC0.811_symm0.00_KC273.7_5neigh_outertot_code475_IC1_iter25.png,23,1,0.6977777777777778,0.883990387745888,0.8190435673601555,3.2085670100875863,4.550030435963782,0.8107256046167418,273.7455576595107,61,29,0.0,0.0,0.0,74,5,outertot,1,7
patterns/15by15/experiment/set1/SC0.817_symm0.00_KC250.4_9neigh_outertot_code196623_IC3_iter25.png,24,1,0.4711111111111111,0.9975906044732843,0.8414987740756381,3.1796877382162907,4.487853255868457,0.8165419500971918,250.38333785401562,9,9,0.0022192922546539207,60.37735849056604,52.83018867924528,48,9,outertot,3,6
patterns/15by15/experiment/set1/SC0.819_symm0.00_KC257.9_5neigh_outertot_code510_IC1_iter15.png,25,1,0.7466666666666667,0.8165187119538281,0.808851944802754,3.2077753638742323,4.4942962462669875,0.8186851951423069,257.89910639935465,16,16,0.0,0.0,0.0,54,5,outertot,1,8
patterns/15by15/experiment/set1/SC0.820_symm0.00_KC250.1_5neigh_outertot_code494_IC1_iter15.png,26,1,0.26666666666666666,0.8366407419411673,0.8245341469306843,3.3200324883281587,4.477568557707633,0.8198086695438103,250.08843875680284,34,3,0.0,0.0,0.0,50,5,outertot,1,7
patterns/15by15/experiment/set1/SC0.821_symm0.00_KC262.7_9neigh_outertot_code699054_IC2_iter05.png,27,1,0.26666666666666666,0.8366407419411673,0.8352603326685074,3.3249324934261013,4.5296875581456,0.8206908709077161,262.67717966768186,14,2,0.0,45.0,25.0,49,9,outertot,2,11
patterns/15by15/experiment/set1/SC0.843_symm0.00_KC260.9_9neigh_outertot_code15822_IC1_iter35.png,28,1,0.7111111111111111,0.8672816222000259,0.8428158268952234,3.495610066565898,4.562675735390929,0.8428551357130332,260.9354038518319,38,14,0.0,0.0,0.0,60,9,outertot,1,10
patterns/15by15/experiment/set1/SC0.845_symm0.00_KC230.3_5neigh_outertot_code485_IC1_iter40.png,29,1,0.7288888888888889,0.8430544963339179,0.802559784724668,3.4887152663175898,4.550198834249482,0.8445920264321606,230.30047634359323,14,6,0.0,0.0,0.0,55,5,outertot,1,6
patterns/15by15/experiment/set1/SC0.851_symm0.00_KC234.3_5neigh_outertot_code461_IC1_iter15.png,30,1,0.68,0.904381457724494,0.7933015998764742,3.4324702803370806,4.542719206263433,0.8509743611242978,234.28388916553445,30,14,0.0,0.0,0.0,62,5,outertot,1,6
patterns/15by15/experiment/set1/SC0.862_symm0.00_KC280.2_9neigh_outertot_code736_IC3_iter25.png,31,1,0.5111111111111111,0.9996437496778561,0.9201450244441036,3.498200803950987,4.541809090869188,0.8616630801301176,280.24857972545203,19,4,0.0011140737231213893,32.17391304347826,49.56521739130435,71,9,outertot,3,4
patterns/15by15/experiment/set1/SC0.866_symm0.00_KC265.2_5neigh_outertot_code489_IC1_iter10.png,32,1,0.64,0.9426831892554922,0.8701436335404324,3.425782858972022,4.49519604003732,0.8663616218964029,265.21644496652584,12,8,0.0,0.0,0.0,61,5,outertot,1,6
patterns/15by15/experiment/set1/SC0.871_symm0.01_KC254.1_9neigh_outertot_code15822_IC2_iter40.png,33,1,0.6666666666666666,0.9182958340544896,0.7899124125563094,3.56544392499132,4.585989910339907,0.8714105754840443,254.0935625388947,40,14,0.0038733442165801435,24.666666666666668,38.0,63,9,outertot,2,10
patterns/15by15/experiment/set1/SC0.879_symm0.00_KC256.8_5neigh_outertot_code483_IC1_iter30.png,34,1,0.6622222222222223,0.9226762997922613,0.8586679463206763,3.625437662998988,4.503366358407943,0.879249606699661,256.82260777487284,16,8,0.0,0.0,0.0,63,5,outertot,1,6
patterns/15by15/experiment/set1/SC0.883_symm0.00_KC275.4_5neigh_outertot_code374_IC1_iter15.png,35,1,0.35555555555555557,0.9389320105807949,0.8519422702275217,3.586990529088856,4.569720800477699,0.8830375113014826,275.41510424191006,51,27,0.0,0.0,0.0,70,5,outertot,1,6
patterns/15by15/experiment/set1/SC0.884_symm0.00_KC259.5_5neigh_outertot_code475_IC1_iter40.png,36,1,0.6577777777777778,0.9269293612321838,0.8151576903059713,3.643868007333736,4.548882559108927,0.8840367795437026,259.47649486266437,50,26,0.0,0.0,0.0,74,5,outertot,1,7
patterns/15by15/experiment/set1/SC0.886_symm0.00_KC217.3_5neigh_outertot_code481_IC1_iter20.png,37,1,0.5866666666666667,0.9782176659354248,0.9188295866879053,3.3705954488005343,4.491681987721906,0.8856523366055318,217.27816303178466,36,4,0.0,0.0,0.0,70,5,outertot,1,5
patterns/15by15/experiment/set1/SC0.891_symm0.00_KC248.6_5neigh_outertot_code478_IC1_iter15.png,38,1,0.68,0.904381457724494,0.7942299155009224,3.668895767774771,4.570656473743843,0.8914512980315428,248.60797879571695,33,9,0.0,0.0,0.0,64,5,outertot,1,7
patterns/15by15/experiment/set1/SC0.897_symm0.00_KC262.9_9neigh_outertot_code85507_IC1_iter25.png,39,1,0.41333333333333333,0.9782176659354248,0.8370572245713606,3.240521360403052,4.270144229755426,0.8968360453992711,262.89239403346875,26,26,0.0,0.0,0.0,56,9,outertot,1,7
patterns/15by15/experiment/set1/SC0.902_symm0.00_KC247.6_5neigh_outertot_code462_IC1_iter15.png,40,1,0.5333333333333333,0.9967916319816366,0.8067635634826359,3.5467163996285644,4.5225859345379975,0.901754254458113,247.5749960379489,19,15,0.0,0.0,0.0,55,5,outertot,1,6
patterns/15by15/experiment/set1/SC0.919_symm0.00_KC249.8_5neigh_outertot_code510_IC1_iter25.png,41,1,0.6044444444444445,0.9682913167012346,0.8874728272121595,3.683702265234978,4.579693128761329,0.919023155478392,249.82035299136774,8,8,0.0,0.0,0.0,60,5,outertot,1,8
patterns/15by15/experiment/set1/SC0.940_symm0.00_KC259.8_5neigh_outertot_code467_IC1_iter30.png,42,1,0.4444444444444444,0.9910760598382222,0.8834989040727754,3.799038682671778,4.550600095736039,0.9403083366016083,259.7526929832021,53,21,0.0,0.0,0.0,74,5,outertot,1,6
patterns/15by15/experiment/set1/SC0.943_symm0.00_KC272.9_9neigh_outertot_code736_IC3_iter35.png,43,1,0.5155555555555555,0.9993016941704445,0.9065038898989981,3.8338318774545312,4.624753947923636,0.9433308691412599,272.8720748053182,28,4,0.0014250589563063465,38.793103448275865,44.827586206896555,68,9,outertot,3,4
patterns/15by15/experiment/set1/SC0.944_symm0.00_KC271.6_5neigh_outertot_code461_IC1_iter25.png,44,1,0.5911111111111111,0.9759133517552441,0.8763395042131542,3.88416273525728,4.624367399645442,0.9440777940253114,271.63187607545626,37,10,0.0,0.0,0.0,71,5,outertot,1,6
patterns/15by15/experiment/set1/SC0.949_symm0.00_KC275.9_5neigh_outertot_code454_IC1_iter40.png,45,1,0.4266666666666667,0.9844268978000114,0.8779005412398734,3.8147008546175996,4.588036986890819,0.9491483888636308,275.94387055945344,49,21,0.0,0.0,0.0,76,5,outertot,1,5
patterns/15by15/experiment/set1/SC0.952_symm0.00_KC269.5_9neigh_outertot_code93737_IC2_iter05.png,46,1,0.5511111111111111,0.9924491812352425,0.9018158769986208,3.906338732332287,4.620831399083084,0.9524050653223959,269.52874620222946,23,9,0.0,12.903225806451612,10.483870967741936,64,9,outertot,2,9
patterns/15by15/experiment/set1/SC0.954_symm0.00_KC262.6_5neigh_tot_code52_IC3_iter10.png,47,1,0.4711111111111111,0.9975906044732843,0.8888675115179371,3.9284480016380234,4.644028981567391,0.9535621502450036,262.59215694242596,30,9,0.0007457731514766974,43.39622641509434,49.056603773584904,66,5,tot,3,3
patterns/15by15/experiment/set1/SC0.955_symm0.00_KC259.8_5neigh_outertot_code457_IC1_iter20.png,48,1,0.4266666666666667,0.9844268978000114,0.887093841055894,3.845131459107593,4.6112875194135965,0.9548833500531431,259.83398327968035,30,18,0.0,0.0,0.0,70,5,outertot,1,5
patterns/15by15/experiment/set1/SC0.956_symm0.00_KC274.6_9neigh_outertot_code143954_IC3_iter10.png,49,1,0.4488888888888889,0.9924491812352425,0.8982006560716038,3.9256084271821883,4.643005746416266,0.9561865806476444,274.5953560569316,34,7,0.0026343015281237447,43.56435643564357,58.415841584158414,62,9,outertot,3,7
patterns/15by15/experiment/set1/SC0.957_symm0.00_KC260.7_5neigh_tot_code52_IC3_iter05.png,50,1,0.47555555555555556,0.9982752029076147,0.8875995010350607,3.9258087593070923,4.638295429588181,0.9567084540420839,260.67672848076637,28,13,0.0007772326582880795,47.66355140186916,51.4018691588785,70,5,tot,3,3
patterns/15by15/experiment/set1/SC0.960_symm0.00_KC278.0_9neigh_outertot_code3276_IC3_iter10.png,51,1,0.49333333333333335,0.999871756640849,0.9006693571320635,3.9433850442614404,4.6481392971192665,0.9597437290774593,278.04414768720045,31,13,0.0005669221324487439,40.54054054054054,46.846846846846844,72,9,outertot,3,6
patterns/15by15/experiment/set1/SC0.961_symm0.00_KC281.1_5neigh_outertot_code454_IC1_iter20.png,52,1,0.4444444444444444,0.9910760598382222,0.8920726817848396,3.9436631112792284,4.563354103225019,0.9610401725016806,281.075544861954,49,9,0.0,0.0,0.0,68,5,outertot,1,5
patterns/15by15/experiment/set1/SC0.962_symm0.00_KC277.8_9neigh_outertot_code3276_IC3_iter25.png,53,1,0.4711111111111111,0.9975906044732843,0.9021120726850875,3.9562681221623395,4.648057137533047,0.9622585112657973,277.8498818977005,43,8,0.0024187374500524994,54.71698113207547,56.60377358490566,73,9,outertot,3,6
patterns/15by15/experiment/set1/SC0.962_symm0.01_KC278.7_9neigh_outertot_code3276_IC3_iter35.png,54,1,0.4577777777777778,0.9948500379612877,0.90410694767453,3.966154308569232,4.6513915447362315,0.9622036396298351,278.72004916775757,30,8,0.004012444444975061,53.398058252427184,46.601941747572816,65,9,outertot,3,6
patterns/15by15/experiment/set2/SC0.245_symm0.00_KC149.4_5neigh_outertot_code454_IC1_iter05.png,55,2,0.04,0.24229218908241482,0.2982878427095325,1.0369319534265415,3.7384902658570316,0.24519363699843533,149.42523480348052,10,6,0.0,0.0,0.0,19,5,outertot,1,5
patterns/15by15/experiment/set2/SC0.263_symm0.00_KC136.3_9neigh_outertot_code256746_IC2_iter05.png,56,2,0.07555555555555556,0.38632194821880184,0.443271986027291,1.1032819037994077,3.6286580586685564,0.26347412575315304,136.34835715834942,2,2,0.0,11.76470588235294,17.647058823529413,15,9,outertot,2,12
patterns/15by15/experiment/set2/SC0.354_symm0.00_KC133.2_9neigh_outertot_code224_IC3_iter40.png,57,2,0.07555555555555556,0.38632194821880184,0.4203969987734108,1.422902935933459,3.867932396927323,0.3539985684497444,133.2391317570664,8,4,0.0,88.23529411764706,88.23529411764706,23,9,outertot,3,3
patterns/15by15/experiment/set2/SC0.406_symm0.04_KC165.2_9neigh_outertot_code224_IC3_iter25.png,58,2,0.10222222222222223,0.4760005489718201,0.3554946525081367,1.6161175887033061,3.142255076120281,0.4063601184239689,165.17871293364425,10,2,0.02540139377823042,91.30434782608695,100.0,20,9,outertot,3,3
patterns/15by15/experiment/set2/SC0.428_symm0.00_KC189.0_9neigh_outertot_code256746_IC2_iter10.png,59,2,0.19111111111111112,0.7037900402465797,0.6833134087925815,1.8616654093907659,4.086434642530086,0.42807632026556364,189.0356324662444,2,2,0.0,0.0,23.25581395348837,19,9,outertot,2,12
patterns/15by15/experiment/set2/SC0.500_symm0.00_KC154.4_5neigh_outertot_code478_IC1_iter05.png,60,2,0.14222222222222222,0.5900291548048615,0.6393073509742881,1.982193790826118,4.045811436756695,0.5000401541794279,154.38449971385614,3,3,0.0,0.0,0.0,25,5,outertot,1,7
patterns/15by15/experiment/set2/SC0.550_symm0.04_KC183.9_9neigh_outertot_code191044_IC2_iter40.png,61,2,0.8311111111111111,0.6551567045066179,0.4243618718456846,2.0999346517852815,4.094948551946446,0.5496798958393021,183.8733855779406,24,16,0.02533795648932645,13.368983957219251,14.973262032085561,43,9,outertot,2,8
patterns/15by15/experiment/set2/SC0.588_symm0.00_KC236.4_5neigh_outertot_code452_IC1_iter10.png,62,2,0.16,0.6343095546405662,0.6122780695954938,2.406596742846412,4.256448305601756,0.5879111190503411,236.40146990510618,41,13,0.0,0.0,0.0,46,5,outertot,1,4
patterns/15by15/experiment/set2/SC0.609_symm0.00_KC232.7_9neigh_outertot_code256746_IC2_iter15.png,63,2,0.40444444444444444,0.9734911299751577,0.7272272867444104,2.6211395999397986,4.307075654345213,0.6089742052483069,232.6764148961215,2,2,0.0,17.582417582417584,16.483516483516482,30,9,outertot,2,12
patterns/15by15/experiment/set2/SC0.687_symm0.00_KC191.2_5neigh_outertot_code493_IC1_iter15.png,64,2,0.8222222222222222,0.6751914401458716,0.6670803745958106,2.7014501956920274,4.369463724095436,0.6872991718991477,191.21243570096328,25,17,0.0,0.0,0.0,51,5,outertot,1,7
patterns/15by15/experiment/set2/SC0.699_symm0.00_KC237.4_9neigh_outertot_code291552_IC2_iter15.png,65,2,0.24,0.7950402793845223,0.7817807508657839,2.829851594297524,4.401399709862554,0.6987929945379571,237.37644463259306,8,2,0.0,33.33333333333333,40.74074074074074,34,9,outertot,2,8
patterns/15by15/experiment/set2/SC0.704_symm0.00_KC239.4_5neigh_outertot_code452_IC1_iter15.png,66,2,0.3244444444444444,0.9091493030318537,0.8503994134268618,2.7848153589181326,4.349784934092883,0.7035155703375063,239.4449861158693,97,18,0.0,0.0,0.0,76,5,outertot,1,4
patterns/15by15/experiment/set2/SC0.723_symm0.02_KC239.2_9neigh_outertot_code196623_IC3_iter20.png,67,2,0.4711111111111111,0.9975906044732843,0.7792196165657569,2.737496566599723,4.3413586669858315,0.722757076708555,239.17533245624713,5,5,0.010003194040987679,40.56603773584906,41.509433962264154,36,9,outertot,3,6
patterns/15by15/experiment/set2/SC0.728_symm0.00_KC240.9_5neigh_outertot_code485_IC1_iter25.png,68,2,0.8044444444444444,0.7129496499632537,0.7288542241999744,2.9708552518369493,4.4777790229975265,0.7275817539029507,240.8632447197154,29,21,0.0,0.0,0.0,53,5,outertot,1,6
patterns/15by15/experiment/set2/SC0.739_symm0.02_KC240.5_9neigh_outertot_code85507_IC2_iter10.png,69,2,0.2311111111111111,0.7799431968859698,0.6726748778330749,2.8687981548239527,4.428961082459807,0.7386545249788063,240.45080989317944,23,23,0.014371590119892003,38.46153846153847,42.30769230769231,52,9,outertot,2,7
patterns/15by15/experiment/set2/SC0.747_symm0.03_KC219.5_5neigh_tot_code24_IC3_iter10.png,70,2,0.27555555555555555,0.8493240339563619,0.745967524482604,2.8777093875131334,4.401393095040402,0.7468164651067759,219.50085886831425,7,5,0.017875101306051494,79.03225806451613,59.67741935483871,42,5,tot,3,2
patterns/15by15/experiment/set2/SC0.772_symm0.00_KC188.7_5neigh_outertot_code469_IC1_iter05.png,71,2,0.4666666666666667,0.9967916319816366,0.7417684436628688,2.8507857551878972,4.219759910361441,0.7722477118037013,188.73658868078292,14,3,0.0,0.0,0.0,41,5,outertot,1,6
patterns/15by15/experiment/set2/SC0.808_symm0.00_KC262.0_5neigh_outertot_code478_IC1_iter30.png,72,2,0.7333333333333333,0.8366407419411673,0.6941739830260388,3.327025991550053,4.4801481458371395,0.8080913511949199,261.9948598910113,37,13,0.0,0.0,0.0,59,5,outertot,1,7
patterns/15by15/experiment/set2/SC0.813_symm0.00_KC256.4_5neigh_outertot_code475_IC1_iter30.png,73,2,0.7155555555555555,0.8614362250994667,0.8292740104934471,3.3360084026528565,4.518881193638472,0.8127542397809266,256.4226511143882,65,10,0.0,0.0,0.0,65,5,outertot,1,7
patterns/15by15/experiment/set2/SC0.814_symm0.00_KC228.7_5neigh_outertot_code459_IC1_iter15.png,74,2,0.28888888888888886,0.8672816222000259,0.7952620294796858,3.2951707353504647,4.428433997576213,0.8141012498601132,228.73501467957263,50,18,0.0,0.0,0.0,66,5,outertot,1,6
patterns/15by15/experiment/set2/SC0.814_symm0.00_KC247.4_9neigh_outertot_code15822_IC1_iter40.png,75,2,0.6933333333333334,0.8892881527272397,0.7937058992847016,3.1955504957222334,4.49696474855762,0.8136108268410271,247.35612985378074,22,10,0.0,0.0,0.0,52,9,outertot,1,10
patterns/15by15/experiment/set2/SC0.819_symm0.00_KC198.0_5neigh_outertot_code493_IC1_iter20.png,76,2,0.7466666666666667,0.8165187119538281,0.7865801035653498,3.395380104345315,4.496706284635037,0.8191557006202447,198.03899130244122,34,6,0.0,0.0,0.0,59,5,outertot,1,7
patterns/15by15/experiment/set2/SC0.822_symm0.00_KC246.6_9neigh_outertot_code196623_IC3_iter30.png,77,2,0.4577777777777778,0.9948500379612877,0.8024484263348433,3.1797042644909776,4.491915304228811,0.8222377228608435,246.55579056882166,11,11,0.00198773578583028,44.66019417475729,40.77669902912621,42,9,outertot,3,6
patterns/15by15/experiment/set2/SC0.822_symm0.00_KC249.5_9neigh_outertot_code191044_IC1_iter35.png,78,2,0.6755555555555556,0.9091493030318537,0.691052753018853,3.175457463124156,4.458647784979945,0.8216522180825895,249.54367307418792,26,26,0.0,0.0,0.0,59,9,outertot,1,8
patterns/15by15/experiment/set2/SC0.829_symm0.01_KC252.6_9neigh_outertot_code196623_IC3_iter05.png,79,2,0.3688888888888889,0.9498151300105501,0.8434376863239224,3.1084759526744783,4.459332529390806,0.8288149720765595,252.63509339330253,9,9,0.006273109578347896,38.55421686746988,43.373493975903614,46,9,outertot,3,6
patterns/15by15/experiment/set2/SC0.830_symm0.03_KC258.6_9neigh_outertot_code85507_IC2_iter20.png,80,2,0.29333333333333333,0.8729882944709463,0.8149993189692996,3.293942371817974,4.545780915121721,0.8298597504508887,258.6095374288597,25,18,0.014466741456355375,60.60606060606061,40.909090909090914,56,9,outertot,2,7
patterns/15by15/experiment/set2/SC0.842_symm0.00_KC186.6_5neigh_outertot_code481_IC1_iter15.png,81,2,0.7155555555555555,0.8614362250994667,0.7695388545930617,3.27302541638387,4.400238525227706,0.8419356888238545,186.5501023414149,20,4,0.0,0.0,0.0,57,5,outertot,1,5
patterns/15by15/experiment/set2/SC0.844_symm0.02_KC249.0_9neigh_outertot_code191044_IC2_iter20.png,82,2,0.6,0.9709505944546686,0.744082070905436,3.328837552691623,4.490930102429987,0.8439862471063221,249.01992929102545,26,19,0.011094907067559695,40.0,27.40740740740741,58,9,outertot,2,8
patterns/15by15/experiment/set2/SC0.854_symm0.00_KC278.1_5neigh_outertot_code469_IC1_iter20.png,83,2,0.4622222222222222,0.9958781583419282,0.917283847179266,3.4138521948808873,4.5187342294527415,0.8535767940323642,278.0920685264263,105,2,0.0,0.0,0.0,79,5,outertot,1,6
patterns/15by15/experiment/set2/SC0.860_symm0.00_KC264.0_5neigh_outertot_code483_IC1_iter35.png,84,2,0.6266666666666667,0.9531971725430559,0.8712061542197586,3.43054221964126,4.516584022988952,0.8600089686593418,264.0329760310021,11,11,0.0,0.0,0.0,63,5,outertot,1,6
patterns/15by15/experiment/set2/SC0.872_symm0.00_KC280.8_5neigh_outertot_code483_IC1_iter15.png,85,2,0.5911111111111111,0.9759133517552441,0.9065409929266358,3.531242879360577,4.533012621433721,0.8724226590218597,280.80733471012735,9,9,0.0,0.0,0.0,65,5,outertot,1,6
patterns/15by15/experiment/set2/SC0.883_symm0.00_KC231.7_5neigh_outertot_code494_IC1_iter10.png,86,2,0.36,0.9426831892554922,0.8572984092234851,3.2836813184059213,4.489723966522646,0.8834223011347035,231.67875141105014,25,9,0.0,0.0,0.0,52,5,outertot,1,7
patterns/15by15/experiment/set2/SC0.886_symm0.00_KC250.1_5neigh_outertot_code461_IC1_iter30.png,87,2,0.64,0.9426831892554922,0.8617269654585243,3.4111587548935027,4.554278246393144,0.8860263195113143,250.1073046382446,66,11,0.0,0.0,0.0,71,5,outertot,1,6
patterns/15by15/experiment/set2/SC0.892_symm0.00_KC182.4_5neigh_outertot_code454_IC1_iter30.png,88,2,0.37333333333333335,0.9531971725430559,0.8556261202258368,3.6288052053187982,4.4897356224996905,0.8915013105558345,182.37300684907643,69,13,0.0,0.0,0.0,75,5,outertot,1,5
patterns/15by15/experiment/set2/SC0.899_symm0.00_KC260.5_5neigh_outertot_code459_IC1_iter35.png,89,2,0.36,0.9426831892554922,0.8434864279827935,3.2138053324450535,4.437533800504564,0.8985574480853493,260.45106136631455,54,34,0.0,0.0,0.0,79,5,outertot,1,6
patterns/15by15/experiment/set2/SC0.906_symm0.00_KC282.2_9neigh_outertot_code85507_IC2_iter05.png,90,2,0.47555555555555556,0.9982752029076147,0.8834735246160531,3.686301771302201,4.607717015111449,0.9057894342141499,282.1924922667806,17,9,0.0,7.476635514018691,19.626168224299064,62,9,outertot,2,7
patterns/15by15/experiment/set2/SC0.922_symm0.00_KC267.5_5neigh_outertot_code462_IC1_iter20.png,91,2,0.41333333333333333,0.9782176659354248,0.8560214300500414,3.5302411606985213,4.5626213640060085,0.9222893597368509,267.4845663625132,34,22,0.0,0.0,0.0,66,5,outertot,1,6
patterns/15by15/experiment/set2/SC0.922_symm0.00_KC273.5_5neigh_outertot_code481_IC1_iter25.png,92,2,0.6266666666666667,0.9531971725430559,0.8989706728962972,3.4664045430771466,4.3931689814181,0.9224590489690346,273.48080575918345,60,8,0.0,0.0,0.0,68,5,outertot,1,5
patterns/15by15/experiment/set2/SC0.925_symm0.00_KC249.5_9neigh_outertot_code191044_IC1_iter15.png,93,2,0.5333333333333333,0.9967916319816366,0.8677950988440494,3.7506548149797516,4.553730752424432,0.9251065817341695,249.52011186855472,46,19,0.0,0.0,0.0,68,9,outertot,1,8
patterns/15by15/experiment/set2/SC0.930_symm0.00_KC261.7_5neigh_outertot_code451_IC1_iter10.png,94,2,0.5511111111111111,0.9924491812352425,0.8996206570821752,3.8068920315031454,4.560063106785928,0.9300615705167506,261.70911576493523,65,2,0.0,0.0,0.0,72,5,outertot,1,5
patterns/15by15/experiment/set2/SC0.931_symm0.01_KC275.8_9neigh_outertot_code736_IC2_iter40.png,95,2,0.5422222222222223,0.9948500379612877,0.9100935054393486,3.771849977119592,4.602999794755511,0.9310315622882503,275.7975295877216,30,7,0.003224271007650964,41.80327868852459,31.967213114754102,70,9,outertot,2,4
patterns/15by15/experiment/set2/SC0.934_symm0.00_KC277.2_9neigh_outertot_code736_IC2_iter35.png,96,2,0.4888888888888889,0.9996437496778561,0.9096712352551235,3.783127977322758,4.572905654518156,0.9343968932509705,277.169205945614,20,2,0.0020078895485541037,54.54545454545454,0.0,67,9,outertot,2,4
patterns/15by15/experiment/set2/SC0.937_symm0.00_KC275.4_9neigh_outertot_code736_IC3_iter10.png,97,2,0.5066666666666667,0.999871756640849,0.9040412455998285,3.792117396305807,4.615263776948489,0.9368358500197719,275.3882176657889,23,5,0.0029589164597384754,42.10526315789473,41.228070175438596,62,9,outertot,3,4
patterns/15by15/experiment/set2/SC0.945_symm0.00_KC277.7_5neigh_outertot_code467_IC1_iter40.png,98,2,0.5511111111111111,0.9924491812352425,0.9065876525087113,3.8166340005267547,4.559882102424925,0.9446492228501102,277.7390604315888,21,13,0.0,0.0,0.0,70,5,outertot,1,6
patterns/15by15/experiment/set2/SC0.946_symm0.00_KC270.5_5neigh_outertot_code461_IC1_iter20.png,99,2,0.6044444444444445,0.9682913167012346,0.8949052496674226,3.9285280289563995,4.6205053131409155,0.9464735186057244,270.48014558191323,33,10,0.0,0.0,0.0,65,5,outertot,1,6
patterns/15by15/experiment/set2/SC0.947_symm0.00_KC282.0_9neigh_outertot_code699054_IC2_iter07.png,100,2,0.48444444444444446,0.9993016941704445,0.9138178597318725,3.901048992196341,4.58464638543968,0.9471824089107779,281.99215505224157,26,3,0.002293624348629286,45.87155963302752,26.605504587155966,68,9,outertot,2,11
patterns/15by15/experiment/set2/SC0.949_symm0.00_KC259.5_9neigh_outertot_code191044_IC1_iter10.png,101,2,0.4088888888888889,0.9759133517552441,0.8986736086909632,3.92319894877599,4.628434900449293,0.9485484167135079,259.49697676371113,51,12,0.0,0.0,0.0,71,9,outertot,1,8
patterns/15by15/experiment/set2/SC0.954_symm0.00_KC262.1_9neigh_outertot_code152822_IC3_iter20.png,102,2,0.4622222222222222,0.9958781583419282,0.8917159293258367,3.914145951652562,4.643750303128045,0.9544704047008631,262.06163449606305,31,9,0.003058551360968359,57.692307692307686,59.61538461538461,71,9,outertot,3,10
patterns/15by15/experiment/set2/SC0.957_symm0.00_KC263.8_9neigh_outertot_code3276_IC3_iter05.png,103,2,0.5111111111111111,0.9996437496778561,0.9018132621723177,3.924766128523283,4.646745864315038,0.9569069385346578,263.80418587747596,31,5,0.0005504782114320317,40.869565217391305,51.30434782608696,67,9,outertot,3,6
patterns/15by15/experiment/set2/SC0.958_symm0.01_KC277.3_9neigh_outertot_code3276_IC3_iter15.png,104,2,0.5511111111111111,0.9924491812352425,0.9044509819634872,3.940287947549693,4.6524694994523355,0.9576682391975191,277.3418688035954,48,6,0.004858570231346893,37.903225806451616,45.16129032258064,68,9,outertot,3,6
patterns/15by15/experiment/set2/SC0.961_symm0.00_KC267.6_9neigh_outertot_code15822_IC2_iter25.png,105,2,0.5422222222222223,0.9948500379612877,0.8967992336729258,3.956857061521986,4.652156254895341,0.9607933852403403,267.5618706790342,40,6,0.0020996433940313197,47.540983606557376,49.18032786885246,68,9,outertot,2,10
patterns/15by15/experiment/set2/SC0.961_symm0.01_KC279.5_9neigh_outertot_code3276_IC3_iter20.png,106,2,0.4666666666666667,0.9967916319816366,0.9008732307185945,3.925167707707165,4.648297375641917,0.9610989727024987,279.52627748410714,35,11,0.002868139799782482,47.61904761904761,54.285714285714285,71,9,outertot,3,6
patterns/15by15/experiment/set2/SC0.962_symm0.01_KC271.2_9neigh_outertot_code3276_IC3_iter15.png,107,2,0.4666666666666667,0.9967916319816366,0.9055754099461328,3.97193211936888,4.6498370938158144,0.9619024284898666,271.2452831460259,38,10,0.0036677361562561517,51.42857142857142,57.14285714285714,72,9,outertot,3,6
patterns/15by15/experiment/set2/SC0.964_symm0.00_KC270.3_5neigh_outertot_code457_IC1_iter15.png,108,2,0.4666666666666667,0.9967916319816366,0.8890264872320555,3.9590851748946405,4.5953895819371455,0.9643768775554371,270.29731748843056,38,15,0.0,0.0,0.0,72,5,outertot,1,5
patterns/15by15/experiment/set3/SC0.389_symm0.08_KC158.2_9neigh_outertot_code224_IC3_iter10.png,109,3,0.08888888888888889,0.4327501587887541,0.39138579829546744,1.5195005845770975,3.67402372018502,0.38947981662285946,158.15736132455228,10,3,0.06056609294193731,90.0,65.0,25,9,outertot,3,3
patterns/15by15/experiment/set3/SC0.416_symm0.00_KC138.8_9neigh_outertot_code191044_IC1_iter05.png,110,3,0.08888888888888889,0.4327501587887541,0.5005727221240711,1.7476780900849465,4.123865702940164,0.4163296251070516,138.82275373191368,25,9,0.0,0.0,0.0,30,9,outertot,1,8
patterns/15by15/experiment/set3/SC0.426_symm0.00_KC166.4_5neigh_outertot_code470_IC1_iter05.png,111,3,0.09333333333333334,0.4474992550368635,0.5237661637455439,1.7740360165359186,3.9716472493212205,0.4255240107967209,166.38277177149945,19,3,0.0,0.0,0.0,26,5,outertot,1,6
patterns/15by15/experiment/set3/SC0.438_symm0.09_KC157.1_9neigh_outertot_code256746_IC2_iter25.png,112,3,0.8444444444444444,0.6235702082127974,0.29158711922431785,1.6647908205808568,3.1747357805349217,0.43800282485950226,157.13538765891465,10,9,0.05769793069864615,13.157894736842104,12.105263157894736,32,9,outertot,2,12
patterns/15by15/experiment/set3/SC0.459_symm0.01_KC133.9_9neigh_outertot_code224_IC3_iter35.png,113,3,0.10666666666666667,0.48977901368693755,0.47291763402141246,1.8615965424766157,3.9828332425442556,0.4589441988951256,133.90537431259074,12,4,0.010405346659154532,91.66666666666666,75.0,29,9,outertot,3,3
patterns/15by15/experiment/set3/SC0.469_symm0.00_KC138.5_9neigh_outertot_code291552_IC2_iter10.png,114,3,0.11555555555555555,0.5164490482843502,0.5743111393839109,1.8698089938768034,4.034179998239369,0.4689271355098586,138.5082005979483,7,2,0.0,23.076923076923077,57.692307692307686,23,9,outertot,2,8
patterns/15by15/experiment/set3/SC0.582_symm0.03_KC201.6_9neigh_outertot_code191044_IC2_iter35.png,115,3,0.8088888888888889,0.7037900402465797,0.4659457053434826,2.239668776981827,4.138082538226928,0.5819337558357909,201.55553908385775,19,14,0.01991360600674827,17.582417582417584,19.78021978021978,44,9,outertot,2,8
patterns/15by15/experiment/set3/SC0.604_symm0.05_KC159.5_5neigh_tot_code24_IC3_iter17.png,116,3,0.21333333333333335,0.7478061583312325,0.5933535530660188,2.20057742021918,4.098479963430921,0.6040955520267489,159.4582704884177,5,5,0.03155300419005261,79.16666666666666,64.58333333333334,30,5,tot,3,2
patterns/15by15/experiment/set3/SC0.684_symm0.00_KC247.7_5neigh_outertot_code497_IC1_iter30.png,117,3,0.8177777777777778,0.6849143818666734,0.7139669261962801,2.860642729140063,4.449899494203384,0.6843112369457054,247.7319080130807,26,10,0.0,0.0,0.0,48,5,outertot,1,6
patterns/15by15/experiment/set3/SC0.687_symm0.00_KC246.7_9neigh_outertot_code736_IC2_iter15.png,118,3,0.2,0.7219280948873623,0.741079838562346,2.645837478995758,4.323916603357568,0.6865576344155488,246.65807165208042,10,3,0.0,37.77777777777778,60.0,32,9,outertot,2,4
patterns/15by15/experiment/set3/SC0.734_symm0.00_KC215.5_5neigh_outertot_code497_IC1_iter15.png,119,3,0.7866666666666666,0.7478061583312325,0.6592765144241296,2.913683923822674,4.397987913651845,0.7335257211758769,215.51304254294425,9,9,0.0,0.0,0.0,47,5,outertot,1,6
patterns/15by15/experiment/set3/SC0.759_symm0.07_KC245.4_9neigh_outertot_code85507_IC2_iter20.png,120,3,0.24,0.7950402793845223,0.6883515759591522,3.090575779904774,4.456482514867185,0.758884253311251,245.44504348889484,26,17,0.05178435857013955,38.88888888888889,77.77777777777779,47,9,outertot,2,7
patterns/15by15/experiment/set3/SC0.760_symm0.00_KC252.7_5neigh_outertot_code461_IC1_iter10.png,121,3,0.7822222222222223,0.7560889812534392,0.7713093451241018,3.193694630488665,4.471360438781021,0.759565001528904,252.72569388344837,28,20,0.0,0.0,0.0,56,5,outertot,1,6
patterns/15by15/experiment/set3/SC0.761_symm0.05_KC243.3_9neigh_outertot_code196623_IC3_iter25.png,122,3,0.3466666666666667,0.931055823385033,0.7355264044333168,2.914350772556659,4.444116167653496,0.7605039320824175,243.2793884042126,11,11,0.03324245556426164,41.02564102564102,55.12820512820513,42,9,outertot,3,6
patterns/15by15/experiment/set3/SC0.761_symm0.06_KC241.4_9neigh_outertot_code224_IC3_iter05.png,123,3,0.27111111111111114,0.8430544963339179,0.7369514199573518,3.0124312115182192,4.447391144899178,0.7610855911082747,241.36617412538436,12,9,0.031443988416374274,67.21311475409836,70.49180327868852,41,9,outertot,3,3
patterns/15by15/experiment/set3/SC0.773_symm0.02_KC246.1_9neigh_outertot_code196623_IC3_iter35.png,124,3,0.3333333333333333,0.9182958340544896,0.8149343163587843,2.9753863718889093,4.452130410160964,0.7727391709227647,246.1157388587644,7,5,0.009534765428964337,61.33333333333333,45.33333333333333,41,9,outertot,3,6
patterns/15by15/experiment/set3/SC0.799_symm0.00_KC255.7_9neigh_outertot_code699054_IC2_iter05.png,125,3,0.25333333333333335,0.8165187119538281,0.8189942704035569,3.220969933768306,4.512357174578316,0.7985106649558231,255.7223746214787,19,2,0.0,35.08771929824561,50.877192982456144,42,9,outertot,2,11
patterns/15by15/experiment/set3/SC0.810_symm0.00_KC253.4_9neigh_outertot_code736_IC2_iter20.png,126,3,0.29777777777777775,0.8785574846719126,0.8421506122427043,3.3006378499558258,4.529394169316213,0.810200903931045,253.43026149890903,7,3,0.0,52.23880597014925,0.0,44,9,outertot,2,4
patterns/15by15/experiment/set3/SC0.811_symm0.00_KC218.2_5neigh_outertot_code494_IC1_iter25.png,127,3,0.4088888888888889,0.9759133517552441,0.8229891889594726,3.2511844581328937,4.485151948228057,0.8108426855251346,218.17911362494755,14,10,0.0,0.0,0.0,44,5,outertot,1,7
patterns/15by15/experiment/set3/SC0.815_symm0.00_KC202.3_5neigh_outertot_code453_IC1_iter05.png,128,3,0.48444444444444446,0.9993016941704445,0.8036007666151244,3.1537307616878114,4.362223337478143,0.8149783137570161,202.3020453064566,7,3,0.0,0.0,0.0,44,5,outertot,1,5
patterns/15by15/experiment/set3/SC0.819_symm0.00_KC245.6_5neigh_outertot_code491_IC1_iter15.png,129,3,0.7155555555555555,0.8614362250994667,0.7536555159234961,3.323547400220003,4.465907183173618,0.8192532715812735,245.57699991969992,19,11,0.0,0.0,0.0,59,5,outertot,1,7
patterns/15by15/experiment/set3/SC0.821_symm0.00_KC267.7_5neigh_outertot_code491_IC1_iter25.png,130,3,0.6622222222222223,0.9226762997922613,0.8413207435261969,3.3351526814024695,4.429459205390031,0.8211162787206604,267.71189104141627,19,19,0.0,0.0,0.0,65,5,outertot,1,7
patterns/15by15/experiment/set3/SC0.823_symm0.04_KC257.2_9neigh_outertot_code85507_IC2_iter15.png,131,3,0.27555555555555555,0.8493240339563619,0.7321050532762403,3.395415918638581,4.541773057113125,0.8234879946031282,257.18514146768376,30,14,0.022871774759975316,66.12903225806451,53.2258064516129,56,9,outertot,2,7
patterns/15by15/experiment/set3/SC0.824_symm0.00_KC269.1_9neigh_outertot_code93737_IC1_iter20.png,132,3,0.32,0.904381457724494,0.7855940313042915,3.2489843568497525,4.4984809201161,0.8243663873809681,269.1448550785165,66,30,0.0,0.0,0.0,74,9,outertot,1,9
patterns/15by15/experiment/set3/SC0.828_symm0.00_KC264.8_5neigh_outertot_code454_IC1_iter35.png,133,3,0.35555555555555557,0.9389320105807949,0.8516670493216871,3.23166346082154,4.487981378456628,0.828078403480045,264.7565885908905,97,9,0.0,0.0,0.0,74,5,outertot,1,5
patterns/15by15/experiment/set3/SC0.829_symm0.00_KC247.6_5neigh_outertot_code497_IC1_iter25.png,134,3,0.7333333333333333,0.8366407419411673,0.8234609753693555,3.40763646396565,4.523989715559022,0.8286947361431715,247.61198069704304,30,6,0.0,0.0,0.0,57,5,outertot,1,6
patterns/15by15/experiment/set3/SC0.830_symm0.00_KC248.0_5neigh_outertot_code750_IC2_iter08.png,135,3,0.5244444444444445,0.9982752029076147,0.7767380126698133,3.400334382154224,4.518705483863568,0.8297340632351455,248.03741781104463,21,5,0.003997087405263722,14.40677966101695,27.966101694915253,51,5,outertot,2,7
patterns/15by15/experiment/set3/SC0.832_symm0.00_KC261.8_5neigh_outertot_code467_IC1_iter25.png,136,3,0.6266666666666667,0.9531971725430559,0.8825969385245238,3.3919297663029164,4.513174734227125,0.8321254612665051,261.8097428679747,101,6,0.0,0.0,0.0,73,5,outertot,1,6
patterns/15by15/experiment/set3/SC0.843_symm0.01_KC261.8_9neigh_outertot_code93737_IC2_iter20.png,137,3,0.29777777777777775,0.8785574846719126,0.762017856662641,3.4317255589082856,4.54898377883462,0.8432680349912945,261.7626643513728,36,21,0.006008513803691079,59.70149253731343,56.71641791044776,61,9,outertot,2,9
patterns/15by15/experiment/set3/SC0.844_symm0.00_KC265.2_5neigh_outertot_code451_IC1_iter20.png,138,3,0.3377777777777778,0.9226762997922613,0.8646394498791851,3.280741601119869,4.527136069313381,0.8440456915214413,265.16920415358743,67,11,0.0,0.0,0.0,71,5,outertot,1,5
patterns/15by15/experiment/set3/SC0.846_symm0.00_KC249.6_5neigh_outertot_code483_IC1_iter20.png,139,3,0.6622222222222223,0.9226762997922613,0.8406327478295322,3.165002919797535,4.483089960170181,0.8464801798003851,249.62859089138178,12,4,0.0,0.0,0.0,59,5,outertot,1,6
patterns/15by15/experiment/set3/SC0.846_symm0.00_KC265.8_5neigh_outertot_code485_IC1_iter35.png,140,3,0.7333333333333333,0.8366407419411673,0.833910337764917,3.471123245688872,4.574536553575626,0.8460923621127217,265.81529863334384,33,9,0.0,0.0,0.0,57,5,outertot,1,6
patterns/15by15/experiment/set3/SC0.861_symm0.02_KC254.1_9neigh_outertot_code85507_IC2_iter35.png,141,3,0.3244444444444444,0.9091493030318537,0.8109479463421236,3.389899677593928,4.543972683990082,0.8614607927453738,254.09922068606062,30,22,0.011378639087993109,53.42465753424658,69.86301369863014,62,9,outertot,2,7
patterns/15by15/experiment/set3/SC0.868_symm0.00_KC252.0_9neigh_outertot_code93737_IC1_iter10.png,142,3,0.32,0.904381457724494,0.8318224017508901,3.539791100863009,4.53941801290558,0.8682187370811318,251.9835874888557,43,27,0.0,0.0,0.0,67,9,outertot,1,9
patterns/15by15/experiment/set3/SC0.874_symm0.00_KC252.0_5neigh_outertot_code497_IC1_iter40.png,143,3,0.7111111111111111,0.8672816222000259,0.8436170936100541,3.6422289162836146,4.573076135156623,0.8740139058283263,252.0461363320617,31,11,0.0,0.0,0.0,61,5,outertot,1,6
patterns/15by15/experiment/set3/SC0.877_symm0.00_KC225.2_5neigh_outertot_code374_IC1_iter35.png,144,3,0.37333333333333335,0.9531971725430559,0.8330335193966308,3.3630429302408107,4.444350036662674,0.8765202445587322,225.19804311449474,35,15,0.0,0.0,0.0,52,5,outertot,1,6
patterns/15by15/experiment/set3/SC0.878_symm0.00_KC273.5_5neigh_outertot_code483_IC1_iter25.png,145,3,0.6444444444444445,0.9389320105807949,0.8809474878821445,3.560653915712258,4.5201689694460345,0.8782696728144641,273.54420966711007,29,9,0.0,0.0,0.0,68,5,outertot,1,6
patterns/15by15/experiment/set3/SC0.893_symm0.00_KC264.2_5neigh_outertot_code453_IC1_iter25.png,146,3,0.39555555555555555,0.9682913167012346,0.8607494939597502,3.643739897479191,4.554503178665583,0.8933597265795192,264.2429613959154,74,14,0.0,0.0,0.0,72,5,outertot,1,5
patterns/15by15/experiment/set3/SC0.901_symm0.00_KC285.9_9neigh_outertot_code736_IC2_iter40.png,147,3,0.5066666666666667,0.999871756640849,0.91705545077596,3.6631246124889483,4.5630367308932325,0.9005171120092457,285.8849019035238,32,4,0.0018241635962917557,40.35087719298245,0.0,76,9,outertot,2,4
patterns/15by15/experiment/set3/SC0.905_symm0.00_KC266.9_5neigh_outertot_code459_IC1_iter25.png,148,3,0.35555555555555557,0.9389320105807949,0.8667378168852863,3.6273290845542845,4.5871487889662586,0.905170431603225,266.9380567810719,58,22,0.0,0.0,0.0,71,5,outertot,1,6
patterns/15by15/experiment/set3/SC0.915_symm0.00_KC280.2_9neigh_outertot_code736_IC3_iter20.png,149,3,0.49777777777777776,0.99998575111318,0.9081784759705542,3.7315357075278848,4.5775650354698705,0.9148921789685287,280.2211666787766,18,7,0.0022400248491095953,45.535714285714285,42.857142857142854,69,9,outertot,3,4
patterns/15by15/experiment/set3/SC0.929_symm0.01_KC276.9_9neigh_outertot_code736_IC3_iter15.png,150,3,0.4711111111111111,0.9975906044732843,0.9138275015199377,3.7846941198591635,4.59661305230361,0.9285121115069683,276.8639213019577,25,2,0.004031078972628138,50.943396226415096,51.886792452830186,68,9,outertot,3,4
patterns/15by15/experiment/set3/SC0.938_symm0.00_KC258.9_5neigh_outertot_code461_IC1_iter40.png,151,3,0.5688888888888889,0.9862632103630309,0.8998189161627947,3.8541042918811956,4.619897675453789,0.9377327123020286,258.94646326877546,62,3,0.0,0.0,0.0,75,5,outertot,1,6
patterns/15by15/experiment/set3/SC0.943_symm0.00_KC271.1_5neigh_outertot_code470_IC1_iter30.png,152,3,0.5155555555555555,0.9993016941704445,0.9194276401219051,3.814041232798706,4.603234145805947,0.943410251201564,271.0860302595173,74,7,0.0,0.0,0.0,78,5,outertot,1,6
patterns/15by15/experiment/set3/SC0.944_symm0.00_KC257.8_5neigh_outertot_code485_IC1_iter20.png,153,3,0.6222222222222222,0.9564574047992596,0.8876708221485873,3.9230741230385306,4.617542105378653,0.9443137402580936,257.78386736580353,35,7,0.0,0.0,0.0,61,5,outertot,1,6
patterns/15by15/experiment/set3/SC0.949_symm0.00_KC271.3_5neigh_outertot_code478_IC1_iter20.png,154,3,0.5333333333333333,0.9967916319816366,0.8797204349618867,3.899227190524154,4.592018592232419,0.948529964989413,271.28821400041625,58,7,0.0,0.0,0.0,74,5,outertot,1,7
patterns/15by15/experiment/set3/SC0.952_symm0.00_KC281.3_5neigh_outertot_code467_IC1_iter20.png,155,3,0.4622222222222222,0.9958781583419282,0.895668776490705,3.8876084932271624,4.599233780401744,0.9516361333983482,281.25638764312055,61,10,0.0,0.0,0.0,78,5,outertot,1,6
patterns/15by15/experiment/set3/SC0.954_symm0.00_KC261.3_9neigh_outertot_code143954_IC3_iter15.png,156,3,0.4711111111111111,0.9975906044732843,0.8869462815932982,3.9055687295233183,4.640539022206945,0.9542653258255049,261.2951802816265,33,7,0.0007340783064406498,40.56603773584906,46.22641509433962,66,9,outertot,3,7
patterns/15by15/experiment/set3/SC0.957_symm0.00_KC265.0_9neigh_outertot_code3276_IC3_iter30.png,157,3,0.4577777777777778,0.9948500379612877,0.8914890659466504,3.9336384228399166,4.6421232273049675,0.9569035755138056,265.016659439939,44,8,0.001959720288206679,44.66019417475729,48.54368932038835,71,9,outertot,3,6
patterns/15by15/experiment/set3/SC0.958_symm0.01_KC272.3_9neigh_outertot_code291552_IC2_iter30.png,158,3,0.5511111111111111,0.9924491812352425,0.9041174802428161,3.9179281223091924,4.646929667905142,0.9584753899563079,272.2826065253372,39,8,0.0030454096337290126,42.74193548387097,37.096774193548384,74,9,outertot,2,8
patterns/15by15/experiment/set3/SC0.959_symm0.00_KC271.9_5neigh_outertot_code461_IC1_iter35.png,159,3,0.52,0.9988455359952018,0.9158308555811907,3.8643393141048343,4.61564794815775,0.9586013629816038,271.8585676424352,53,6,0.0,0.0,0.0,76,5,outertot,1,6
patterns/15by15/experiment/set3/SC0.961_symm0.00_KC274.2_9neigh_outertot_code191044_IC2_iter10.png,160,3,0.48,0.9988455359952018,0.8938241748065643,3.953396385702991,4.652980864344777,0.9607162282051819,274.2390016256669,31,11,8.412647776834259e-05,37.03703703703704,51.85185185185185,65,9,outertot,2,8
patterns/15by15/experiment/set3/SC0.961_symm0.01_KC279.1_9neigh_outertot_code291552_IC2_iter35.png,161,3,0.5288888888888889,0.9975906044732843,0.9037778170278271,3.953922418340029,4.649043909260716,0.960596125564223,279.1334162293989,40,5,0.004483904981718939,47.89915966386555,38.655462184873954,69,9,outertot,2,8
patterns/15by15/experiment/set3/SC0.962_symm0.01_KC268.3_9neigh_outertot_code3276_IC3_iter35.png,162,3,0.48,0.9988455359952018,0.9033483288151261,3.959506972334727,4.643131826530483,0.9615206572841624,268.26709110985763,40,10,0.002893848802472815,50.92592592592593,42.592592592592595,72,9,outertot,3,6
patterns/15by15/experiment/set4/SC0.229_symm0.00_KC126.1_5neigh_outertot_code452_IC1_iter05.png,163,4,0.035555555555555556,0.22152955814836148,0.2694311071805945,0.9685949014755871,3.6857964970525643,0.22929708311336702,126.11175889045565,9,9,0.0,0.0,0.0,17,5,outertot,1,4
patterns/15by15/experiment/set4/SC0.273_symm0.13_KC126.8_9neigh_outertot_code256746_IC2_iter30.png,164,4,0.9244444444444444,0.38632194821880184,0.14775321490059243,0.9546189501622498,2.388818008729802,0.27278955119299647,126.79859165744692,11,11,0.06456095462096287,6.25,5.288461538461538,25,9,outertot,2,12
patterns/15by15/experiment/set4/SC0.376_symm0.00_KC142.5_9neigh_outertot_code291552_IC2_iter10.png,165,4,0.10666666666666667,0.48977901368693755,0.5386523819419458,1.5123427761356303,3.860721142719699,0.37561965729138613,142.46962247114323,5,2,0.0,37.5,45.83333333333333,12,9,outertot,2,8
patterns/15by15/experiment/set4/SC0.433_symm0.00_KC167.6_5neigh_outertot_code494_IC1_iter05.png,166,4,0.10666666666666667,0.48977901368693755,0.5515214223167181,1.7218573027219197,3.9783700829631425,0.4332604164911506,167.56027085074555,11,3,0.0,0.0,0.0,23,5,outertot,1,7
patterns/15by15/experiment/set4/SC0.452_symm0.01_KC168.3_9neigh_outertot_code224_IC3_iter30.png,167,4,0.1111111111111111,0.5032583347756457,0.4132518604071754,1.7723707442083882,3.4064691485331364,0.4517804716582469,168.2650485546686,7,3,0.010161392876118655,72.0,96.0,24,9,outertot,3,3
patterns/15by15/experiment/set4/SC0.480_symm0.00_KC156.8_9neigh_outertot_code736_IC2_iter15.png,168,4,0.12,0.5293608652873644,0.5872770062654971,1.8927561608132066,4.075274486622528,0.4802905972742281,156.78725382097983,4,2,0.0,48.148148148148145,0.0,24,9,outertot,2,4
patterns/15by15/experiment/set4/SC0.484_symm0.03_KC166.0_9neigh_outertot_code191044_IC2_iter40.png,169,4,0.8666666666666667,0.5665095065529053,0.4246850294637976,1.8966919973128236,4.027148762949244,0.48436007752221144,166.00359578767586,17,13,0.014084912447015943,10.256410256410255,13.333333333333334,39,9,outertot,2,8
patterns/15by15/experiment/set4/SC0.497_symm0.03_KC187.2_9neigh_outertot_code224_IC3_iter25.png,170,4,0.12444444444444444,0.5420027634369525,0.5250993700700434,1.9966820140608392,3.976458487002739,0.4966385115340783,187.1735748802214,13,3,0.019175624040058598,82.14285714285714,75.0,28,9,outertot,3,3
patterns/15by15/experiment/set4/SC0.584_symm0.00_KC233.6_5neigh_outertot_code750_IC2_iter05.png,171,4,0.25333333333333335,0.8165187119538281,0.7520592052248318,2.501494119325773,4.30116933764658,0.5839945646119457,233.62815039856378,6,2,0.0,14.035087719298245,12.280701754385964,34,5,outertot,2,7
patterns/15by15/experiment/set4/SC0.677_symm0.00_KC251.2_5neigh_tot_code24_IC3_iter35.png,172,4,0.22666666666666666,0.7721551435804815,0.7181659036694277,2.511690996332878,4.267858807944419,0.6774374357777267,251.2232741665152,5,5,0.0,72.54901960784314,37.254901960784316,33,5,tot,3,2
patterns/15by15/experiment/set4/SC0.695_symm0.00_KC188.6_5neigh_outertot_code493_IC1_iter10.png,173,4,0.8177777777777778,0.6849143818666734,0.6964259281438469,2.8771907876865583,4.412621335252104,0.6947804867504483,188.64370683017412,34,14,0.0,0.0,0.0,53,5,outertot,1,7
patterns/15by15/experiment/set4/SC0.695_symm0.00_KC231.7_5neigh_outertot_code485_IC1_iter10.png,174,4,0.8177777777777778,0.6849143818666734,0.6729460993347236,2.878048522801573,4.4329991862072315,0.6953038858468825,231.66031490827874,34,18,0.0,0.0,0.0,54,5,outertot,1,6
patterns/15by15/experiment/set4/SC0.701_symm0.00_KC214.2_5neigh_outertot_code510_IC1_iter10.png,175,4,0.4622222222222222,0.9958781583419282,0.8100877730108191,2.7843263919963253,4.082447919110726,0.701199482769476,214.21661456840081,6,6,0.0,0.0,0.0,42,5,outertot,1,8
patterns/15by15/experiment/set4/SC0.715_symm0.00_KC191.9_5neigh_outertot_code493_IC1_iter05.png,176,4,0.37777777777777777,0.9564574047992596,0.692505193975382,2.775608726706596,4.228155958405094,0.7150537192510016,191.91510272960593,3,3,0.0,0.0,0.0,41,5,outertot,1,7
patterns/15by15/experiment/set4/SC0.728_symm0.02_KC242.2_9neigh_outertot_code196623_IC3_iter30.png,177,4,0.30666666666666664,0.8892881527272397,0.7372077859237137,2.811003162823125,4.396108157598649,0.7280607133803797,242.2115885910421,11,9,0.013290131322956755,68.11594202898551,66.66666666666666,47,9,outertot,3,6
patterns/15by15/experiment/set4/SC0.773_symm0.00_KC260.0_5neigh_outertot_code459_IC1_iter30.png,178,4,0.28888888888888886,0.8672816222000259,0.8032340295678106,2.8768293036083135,4.395501226239818,0.7730628966332717,260.0145007214542,66,34,0.0,0.0,0.0,77,5,outertot,1,6
patterns/15by15/experiment/set4/SC0.774_symm0.00_KC271.9_5neigh_outertot_code470_IC1_iter20.png,179,4,0.7511111111111111,0.809512300697415,0.791124095834849,2.9513820560439354,4.418810739798053,0.7743012042139716,271.94056204462936,54,18,0.0,0.0,0.0,66,5,outertot,1,6
patterns/15by15/experiment/set4/SC0.789_symm0.02_KC241.5_9neigh_outertot_code85507_IC2_iter35.png,180,4,0.25333333333333335,0.8165187119538281,0.7564682278328461,3.1754881820809424,4.489199916190804,0.788813485880369,241.50534055349542,21,16,0.01226838959662202,71.9298245614035,49.122807017543856,52,9,outertot,2,7
patterns/15by15/experiment/set4/SC0.803_symm0.00_KC256.0_5neigh_outertot_code451_IC1_iter40.png,181,4,0.28444444444444444,0.8614362250994667,0.7359574256609632,3.266915541423881,4.540672003798272,0.8034787339515819,255.9504425385739,45,21,0.0,0.0,0.0,65,5,outertot,1,5
patterns/15by15/experiment/set4/SC0.819_symm0.00_KC250.2_5neigh_outertot_code510_IC1_iter20.png,182,4,0.4622222222222222,0.9958781583419282,0.8021769389027713,3.243897464740581,4.374853934426384,0.8194504547891495,250.18955842870344,4,4,0.0,0.0,0.0,48,5,outertot,1,8
patterns/15by15/experiment/set4/SC0.822_symm0.00_KC230.5_5neigh_outertot_code469_IC1_iter10.png,183,4,0.6755555555555556,0.9091493030318537,0.7992268423123077,3.3446051849171754,4.502068297511633,0.8224144364805892,230.45149051560344,66,6,0.0,0.0,0.0,64,5,outertot,1,6
patterns/15by15/experiment/set4/SC0.826_symm0.02_KC255.5_9neigh_outertot_code191044_IC2_iter25.png,184,4,0.64,0.9426831892554922,0.7677976853931001,3.273922721523471,4.475299741762212,0.826168069409778,255.47903603369727,20,14,0.014214275942882881,30.555555555555557,30.555555555555557,55,9,outertot,2,8
patterns/15by15/experiment/set4/SC0.831_symm0.00_KC221.4_5neigh_outertot_code462_IC1_iter10.png,185,4,0.3022222222222222,0.883990387745888,0.842092992311643,3.3950797537029787,4.501423739052982,0.8310923480896513,221.4289478970137,17,2,0.0,0.0,0.0,48,5,outertot,1,6
patterns/15by15/experiment/set4/SC0.841_symm0.00_KC262.3_5neigh_outertot_code475_IC1_iter10.png,186,4,0.6577777777777778,0.9269293612321838,0.829582377915933,3.441696335644698,4.548736864563265,0.840813531469749,262.31363699236323,38,14,0.0,0.0,0.0,57,5,outertot,1,7
patterns/15by15/experiment/set4/SC0.841_symm0.01_KC253.9_9neigh_outertot_code93737_IC2_iter25.png,187,4,0.3022222222222222,0.883990387745888,0.7837699352845733,3.4515636935486307,4.562543960197333,0.8413704185092865,253.87069416557165,38,22,0.010708446074752576,54.41176470588235,50.0,64,9,outertot,2,9
patterns/15by15/experiment/set4/SC0.848_symm0.00_KC278.2_5neigh_outertot_code481_IC1_iter10.png,188,4,0.6044444444444445,0.9682913167012346,0.911636815646224,3.3906046322973937,4.522865026624872,0.8484520381984131,278.24644258514286,24,8,0.0,0.0,0.0,70,5,outertot,1,5
patterns/15by15/experiment/set4/SC0.852_symm0.01_KC228.1_9neigh_outertot_code196623_IC3_iter15.png,189,4,0.4311111111111111,0.9862632103630309,0.8582524273780556,3.1533504170468247,4.455360970677473,0.8522330446428298,228.07218812073378,10,10,0.007512097773916204,49.48453608247423,32.98969072164948,53,9,outertot,3,6
patterns/15by15/experiment/set4/SC0.854_symm0.00_KC227.4_5neigh_outertot_code478_IC1_iter25.png,190,4,0.7155555555555555,0.8614362250994667,0.8169320544077272,3.5384230943925106,4.567241457597473,0.8539525937566746,227.43767348767682,34,6,0.0,0.0,0.0,61,5,outertot,1,7
patterns/15by15/experiment/set4/SC0.854_symm0.00_KC278.1_5neigh_outertot_code469_IC1_iter15.png,191,4,0.5377777777777778,0.9958781583419282,0.917283847179266,3.4138521948808873,4.5187342294527415,0.8535767940323642,278.0920685264263,105,2,0.0,0.0,0.0,79,5,outertot,1,6
patterns/15by15/experiment/set4/SC0.859_symm0.00_KC271.9_9neigh_outertot_code93737_IC1_iter15.png,192,4,0.3422222222222222,0.9269293612321838,0.834235540039406,3.462663647601006,4.542946147446775,0.8594233672717421,271.91362141327795,51,31,0.0,0.0,0.0,75,9,outertot,1,9
patterns/15by15/experiment/set4/SC0.869_symm0.00_KC226.3_5neigh_outertot_code478_IC1_iter40.png,193,4,0.35555555555555557,0.9389320105807949,0.753907292425586,3.3973886095898096,4.47859118868046,0.8688411323310825,226.29363686220225,42,14,0.0,0.0,0.0,64,5,outertot,1,7
patterns/15by15/experiment/set4/SC0.879_symm0.00_KC241.7_5neigh_outertot_code483_IC1_iter10.png,194,4,0.48,0.9988455359952018,0.7833934920843191,3.1284460887717485,4.341474322846952,0.8789389103669669,241.69548200652957,4,4,0.0,0.0,0.0,53,5,outertot,1,6
patterns/15by15/experiment/set4/SC0.880_symm0.06_KC246.7_9neigh_outertot_code85507_IC2_iter15.png,195,4,0.3333333333333333,0.9182958340544896,0.8215767071966258,3.5141054252846837,4.5487713184104575,0.8803719376663296,246.67092167562097,30,21,0.03436168733426673,49.333333333333336,57.333333333333336,61,9,outertot,2,7
patterns/15by15/experiment/set4/SC0.884_symm0.00_KC272.8_5neigh_outertot_code489_IC1_iter05.png,196,4,0.5733333333333334,0.9844268978000114,0.9110460462383774,3.5253144292492844,4.519363460553995,0.8842119778728498,272.84690026853934,16,8,0.0,0.0,0.0,67,5,outertot,1,6
patterns/15by15/experiment/set4/SC0.892_symm0.00_KC263.8_5neigh_outertot_code483_IC1_iter40.png,197,4,0.6222222222222222,0.9564574047992596,0.891610347133333,3.6551166200572056,4.552494625724484,0.8918002201997098,263.807165948664,20,8,0.0,0.0,0.0,65,5,outertot,1,6
patterns/15by15/experiment/set4/SC0.902_symm0.00_KC272.9_5neigh_outertot_code457_IC1_iter10.png,198,4,0.37333333333333335,0.9531971725430559,0.8379048922969002,3.5065979873093074,4.579633446524941,0.9019717684130837,272.949191494817,69,10,0.0,0.0,0.0,74,5,outertot,1,5
patterns/15by15/experiment/set4/SC0.903_symm0.00_KC274.1_5neigh_outertot_code454_IC1_iter25.png,199,4,0.35555555555555557,0.9389320105807949,0.8456026020042108,3.7236680019534907,4.586085913736308,0.9028475402330592,274.14518930643715,33,25,0.0,0.0,0.0,71,5,outertot,1,5
patterns/15by15/experiment/set4/SC0.918_symm0.00_KC277.2_9neigh_outertot_code85507_IC2_iter05.png,200,4,0.48444444444444446,0.9993016941704445,0.8897913790922409,3.723030522723845,4.600009373607872,0.9184013047133587,277.2374473807298,17,8,0.0,10.091743119266056,11.009174311926607,62,9,outertot,2,7
patterns/15by15/experiment/set4/SC0.919_symm0.00_KC273.9_5neigh_outertot_code470_IC1_iter25.png,201,4,0.6266666666666667,0.9531971725430559,0.8853157151391787,3.6656361650356293,4.58669340788368,0.9191755282784817,273.936316386596,53,2,0.0,0.0,0.0,68,5,outertot,1,6
patterns/15by15/experiment/set4/SC0.922_symm0.01_KC266.1_9neigh_outertot_code736_IC2_iter25.png,202,4,0.37777777777777777,0.9564574047992596,0.8769160936465692,3.750117144759932,4.6009253076198116,0.9224263366115613,266.1366944596236,31,4,0.00890464932038565,69.41176470588235,0.0,58,9,outertot,2,4
patterns/15by15/experiment/set4/SC0.929_symm0.01_KC276.9_9neigh_outertot_code736_IC3_iter15.png,203,4,0.4711111111111111,0.9975906044732843,0.9138275015199377,3.7846941198591635,4.59661305230361,0.9285121115069683,276.8639213019577,25,2,0.004031078972628138,50.943396226415096,51.886792452830186,68,9,outertot,3,4
patterns/15by15/experiment/set4/SC0.931_symm0.01_KC275.8_9neigh_outertot_code736_IC2_iter40.png,204,4,0.5422222222222223,0.9948500379612877,0.9100935054393486,3.771849977119592,4.602999794755511,0.9310315622882503,275.7975295877216,30,7,0.003224271007650964,41.80327868852459,31.967213114754102,70,9,outertot,2,4
patterns/15by15/experiment/set4/SC0.933_symm0.00_KC255.6_5neigh_outertot_code451_IC1_iter15.png,205,4,0.52,0.9988455359952018,0.8990755495429398,3.80102412321514,4.5915645056454775,0.9334711057327512,255.5775018844915,73,6,0.0,0.0,0.0,71,5,outertot,1,5
patterns/15by15/experiment/set4/SC0.933_symm0.00_KC278.4_5neigh_outertot_code459_IC1_iter20.png,206,4,0.5022222222222222,0.99998575111318,0.9088798502732346,3.7361838911029768,4.612033950045919,0.9334376333717854,278.42486653039356,74,3,0.0,0.0,0.0,75,5,outertot,1,6
patterns/15by15/experiment/set4/SC0.935_symm0.00_KC285.4_5neigh_outertot_code470_IC1_iter35.png,207,4,0.5733333333333334,0.9844268978000114,0.9127975171791579,3.706647201881009,4.5391681470477785,0.9350777217795628,285.4012030350554,61,10,0.0,0.0,0.0,78,5,outertot,1,6
patterns/15by15/experiment/set4/SC0.940_symm0.00_KC269.4_5neigh_outertot_code453_IC1_iter20.png,208,4,0.4444444444444444,0.9910760598382222,0.8529854464771358,3.721039696971081,4.576363387115706,0.9401158433528926,269.35733252526177,29,21,0.0,0.0,0.0,66,5,outertot,1,5
patterns/15by15/experiment/set4/SC0.953_symm0.00_KC274.8_9neigh_outertot_code93737_IC2_iter05.png,209,4,0.5511111111111111,0.9924491812352425,0.9029247191363077,3.922067190932984,4.620726621047163,0.9533309087649939,274.8171743376043,23,6,0.0,10.483870967741936,14.516129032258066,68,9,outertot,2,9
patterns/15by15/experiment/set4/SC0.954_symm0.01_KC267.9_9neigh_outertot_code3276_IC3_iter40.png,210,4,0.4488888888888889,0.9924491812352425,0.887452882244446,3.916083318923068,4.6395127066554664,0.9539420065985635,267.8899046122198,34,9,0.005278306775641284,48.51485148514851,40.5940594059406,66,9,outertot,3,6
patterns/15by15/experiment/set4/SC0.955_symm0.01_KC258.8_9neigh_outertot_code3276_IC3_iter05.png,211,4,0.44,0.9895875212220557,0.8969364485803335,3.927486008274575,4.654089909402016,0.9546791041059546,258.8159423890755,43,8,0.004689697932724418,57.57575757575758,46.464646464646464,71,9,outertot,3,6
patterns/15by15/experiment/set4/SC0.957_symm0.00_KC273.4_9neigh_outertot_code736_IC2_iter30.png,212,4,0.49333333333333335,0.999871756640849,0.9045853496175901,3.91299239353266,4.641572775234654,0.9572821612229108,273.43233360188407,27,8,0.0002874617549999958,48.64864864864865,45.04504504504504,64,9,outertot,2,4
patterns/15by15/experiment/set4/SC0.958_symm0.00_KC253.6_5neigh_outertot_code457_IC1_iter40.png,213,4,0.4444444444444444,0.9910760598382222,0.9021895465719808,3.960451680320073,4.622848572752378,0.957551530185032,253.6032110276525,35,11,0.0,0.0,0.0,68,5,outertot,1,5
patterns/15by15/experiment/set4/SC0.959_symm0.01_KC266.5_9neigh_outertot_code291552_IC2_iter40.png,214,4,0.5333333333333333,0.9967916319816366,0.9030025591092202,3.9382821616787673,4.647891549300049,0.9588309345456701,266.5413784649845,36,4,0.00663780116748941,46.666666666666664,40.833333333333336,67,9,outertot,2,8
patterns/15by15/experiment/set4/SC0.962_symm0.00_KC273.2_9neigh_outertot_code3276_IC3_iter30.png,215,4,0.5288888888888889,0.9975906044732843,0.8959026474499269,3.9620235977794733,4.642918153461763,0.9618408540431556,273.16589142515977,42,11,0.001286256866274288,39.49579831932773,43.69747899159664,68,9,outertot,3,6
patterns/15by15/experiment/set4/SC0.963_symm0.00_KC280.3_9neigh_outertot_code3276_IC3_iter25.png,216,4,0.48,0.9988455359952018,0.897520296126529,3.9735721749284973,4.651170098419376,0.9633861282208762,280.2594651527048,39,11,0.002089512099508084,52.77777777777778,45.370370370370374,71,9,outertot,3,6
